T h i n g | | i n | | t h e | | I c e
R a t t l e c h a i n s
P o r t | | T o w n
I s l a n d 2
S w a m p 2
S i l e n t | | O b s e r v e r
S t i t c h w i n g | | S k a a b
A b e r r a n t | | R e s e a r c h e r
I s l a n d 1
P l a i n s 2
S t o i c | | B u i l d e r
B o u n d | | b y | | M o o n s i l v e r
R u n a w a y | | C a r r i a g e
S i l e n t | | O b s e r v e r
A n g e l i c | | P u r g e
O l i v i a ' s | | B l o o d s w o r n
B i t i n g | | R a i n
S t i t c h e d | | M a n g l e r
P y r e | | H o u n d
P u n c t u r i n g | | L i g h t
E x p o s e | | E v i l
G i b b e r i n g | | F i e n d